CREATE TABLE EMP
(
ENO VARCHAR2(5) PRIMARY KEY,
ENAME VARCHAR2(15),
        TITLE VARCHAR2(15) DEFAULT 'PROGRAMMER',
CITY VARCHAR2(15),
CHECK(TITLE IN('MANAGER','PROGRAMMER','SUPPORT STAFF'))
);

CREATE TABLE PROJ
(
PNO VARCHAR2(5) PRIMARY KEY,
PNAME VARCHAR2(15),
BUDGET NUMBER(7,2),
CITY VARCHAR2(15)
);

CREATE TABLE WORKS
(
ENO VARCHAR2(5) REFERENCES EMP(ENO),
PNO VARCHAR2(5) REFERENCES PROJ(PNO),
DUR NUMBER(3),
PRIMARY KEY(ENO,PNO)
);


CREATE TABLE PAY
(
TITLE VARCHAR2(15) PRIMARY KEY,
SALARY NUMBER(7,2),
CHECK(TITLE IN('MANAGER','PROGRAMMER','SUPPORT STAFF'))
);

INSERT INTO EMP (ENO,ENAME,TITLE,CITY) VALUES
           ('E1','KRUNAL','MANAGER','Toronto');    

INSERT INTO EMP (ENO,ENAME,TITLE,CITY) VALUES
           ('E2','KAUSHIK','PROGRAMMER','Toronto');    

INSERT INTO EMP (ENO,ENAME,TITLE,CITY) VALUES
           ('E3','RAMESH','SUPPORT STAFF','Toronto');    

INSERT INTO EMP (ENO,ENAME,TITLE,CITY) VALUES
           ('E4','JAGDISH','SUPPORT STAFF','Toronto');    

INSERT INTO EMP (ENO,ENAME,TITLE,CITY) VALUES
           ('E5','DINESH','MANAGER','LONDON');    

INSERT INTO EMP (ENO,ENAME,TITLE,CITY) VALUES
           ('E6','DIPU','SUPPORT STAFF','LONDON');    

INSERT INTO EMP (ENO,ENAME,TITLE,CITY) VALUES
           ('E7','RAM','PROGRAMMER','LONDON');    

INSERT INTO EMP (ENO,ENAME,TITLE,CITY) VALUES
           ('E8','SHYAM','PROGRAMMER','LONDON');   



INSERT INTO PROJ (PNO,PNAME,BUDGET,CITY) VALUES
         ('P1','MEDICAL',75000,'LONDON');

INSERT INTO PROJ (PNO,PNAME,BUDGET,CITY) VALUES
         ('P2','HOTEL',95000,'NEW YORK');

INSERT INTO PROJ (PNO,PNAME,BUDGET,CITY) VALUES
         ('P3','HOSPITAL',92000,'Toronto');



 INSERT INTO WORKS (ENO,PNO,DUR) VALUES
    ('E1','P1',6); 

INSERT INTO WORKS (ENO,PNO,DUR) VALUES
    ('E2','P1',6); 

INSERT INTO WORKS (ENO,PNO,DUR) VALUES
    ('E3','P1',6); 

 INSERT INTO WORKS (ENO,PNO,DUR) VALUES
    ('E5','P2',9); 

INSERT INTO WORKS (ENO,PNO,DUR) VALUES
    ('E6','P2',9); 

INSERT INTO WORKS (ENO,PNO,DUR) VALUES
    ('E7','P2',9); 

 INSERT INTO WORKS (ENO,PNO,DUR) VALUES
    ('E4','P3',5); 

INSERT INTO WORKS (ENO,PNO,DUR) VALUES
    ('E8','P3',5); 



INSERT INTO PAY (TITLE,SALARY) VALUES
    ('PROGRAMMER',5000);

INSERT INTO PAY (TITLE,SALARY) VALUES
    ('MANAGER',15000);

INSERT INTO PAY (TITLE,SALARY) VALUES
    ('SUPPORT STAFF',3000);
    
    
